,No.,Object name,Material,Stained,Surface properties
0,1,Christmas bear ,['cloth'],['pluriform'],['']
1,2,Lab-keys ,"['metal', 'cloth']",[''],"['composite', 'shiny']"
2,3,Apricot  ,['fruit'],['uniform'],['']
3,4,Round candle ,"['candle', 'metal']",[''],"['composite', 'shiny']"
4,5,Nut ,['wood'],['uniform'],['ribbed']
5,6,Pot ,['pottery'],['uniform'],['smooth']
6,7,Shell ,['shell'],['uniform'],['rough']
7,8,Green box ,['plastic'],['uniform'],['']
8,9,Shoe ,"['cloth', 'plastic']",['pluriform'],['composite']
9,10,Women statue ,['stone'],['pluriform'],['']
10,11,Mexx parfum ,"['metal', 'glass']",['pluriform'],['composite']
11,12,Labello lip gloss ,['plastic'],['pluriform'],['']
12,13,Matchbox  ,['paper'],['pluriform'],['']
13,14,Baby cream tube ,['plastic'],['pluriform'],['']
14,15,Yellow bear ,['cloth'],['pluriform'],['']
15,16,Red block ,['wood'],['uniform'],['']
16,17,Red onion ,['vegetable'],[''],['composite']
17,18,Apple teabags ,['paper'],['pluriform'],['']
18,19,Green block ,['wood'],['uniform'],['smooth']
19,20,Copper ,['metal'],['uniform'],"['rough', 'shiny']"
20,21,Measure lint ,"['plastic', 'metal']",['pluriform'],['composite']
21,22,Boeddha  ,['metal'],['uniform'],['']
22,23,Blue bear ,['cloth'],['pluriform'],['']
23,24,Yellow box ,['plastic'],['uniform'],['']
24,25,Colorful toysquare ,['plastic'],['pluriform'],['']
25,26,Optic lampbox  ,['paper'],['pluriform'],['']
26,27,Aa lava ,['stone'],['uniform'],['rough']
27,28,GJ’s watch ,"['cloth', 'plastic', 'metal']",['uniform'],['composite']
28,29,Chocolate box ,['paper'],['pluriform'],['']
29,30,metal bowl ,['metal'],['pluriform'],['shiny']
30,31,yellow bear ,['cloth'],['uniform'],['coarse']
31,32,Brown bear ,['cloth'],['uniform'],['coarse']
32,33,Chess horse ,['wood'],['uniform'],['smooth']
33,34,Tea light ,"['iron', 'candle']",['uniform'],['composite']
34,35,White bowl ,['glass'],['uniform'],['ribbed']
35,36,child cup ,['plastic'],['pluriform'],['']
36,37,Vitamin pills ,"['glass', 'paper', 'plastic']",['pluriform'],['composite']
37,38,Hairy head ,['cloth'],['pluriform'],['rough']
38,39,Bottle gin ,"['glass', 'paper', 'metal']",['pluriform'],"['composite', 'shiny']"
39,40,Light bulb ,"['glass', 'metal']",['uniform'],"['composite', 'shiny']"
40,41,Glass pot ,['glass'],['uniform'],"['shiny', 'rough']"
41,42,Three keys ,['metal'],['pluriform'],['shiny']
42,43,Alarm clock ,"['metal', 'glass']",['uniform'],"['composite', 'shiny']"
43,44,Koala keyhanger ,"['metal', 'plastic', 'cloth']",['pluriform'],['composite']
44,45,Yellow candle ,['candle'],['uniform'],['']
45,46,Blue teabagsbox ,['paper'],['pluriform'],['']
46,47,Brown plastic cup ,['plastic'],['pluriform'],['ribbed']
47,48,caned basked  ,['cane'],['uniform'],['']
48,49,pink bow  ,['plastic'],['uniform'],['shiny']
49,50,nut ,['wood'],['uniform'],['ribbed']
50,51,cork ,['wood'],['uniform'],['']
51,52,hairy ball ,['fruit'],['uniform'],['rough']
52,53,tape  ,['plastic'],['pluriform'],['']
53,54,racing car ,['plastic'],['pluriform'],['']
54,55,halter toy ,['plastic'],['pluriform'],['shiny']
55,56,metal sticks ,"['metal', 'stone']",['uniform'],['composite']
56,57,acorn ,['wood'],['uniform'],['coarse']
57,58,blue car ,['wood'],['pluriform'],['smooth']
58,59,blue cell phone ,['metal'],['pluriform'],['']
59,60,Cosmetics ,['plastic'],['pluriform'],['shiny']
60,61,Red box ,['plastic'],['pluriform'],['shiny']
61,62,yellow duck ,['plastic'],['pluriform'],['']
62,63,yellow sponge  ,['sponge'],['uniform'],['']
63,64,pink sponge ,['sponge'],['uniform'],['']
64,65,blue sponge ,['sponge'],['uniform'],['']
65,66,Shampoo ,['plastic'],['pluriform'],['shiny']
66,67,red lady bird ,['plastic'],['pluriform'],['']
67,68,blue lady bird ,['plastic'],['pluriform'],['']
68,69,tomato ,['fruit'],['uniform'],"['composite', 'shiny']"
69,70,Grey stone ,['stone'],['pluriform'],['coarse']
70,71,Yellow wire ,['rope'],['uniform'],['shiny']
71,72,Red/white wire ,['rope'],['pluriform'],['']
72,73,Blue cup ,['plastic'],['pluriform'],['']
73,74,Vaseline ,"['plastic', 'paper']",['pluriform'],['composite']
74,75,Boat ,"['wood', 'rope']",['pluriform'],['composite']
75,76,angular object ,['wood'],['pluriform'],['smooth']
76,77,histor paint  ,['metal'],['pluriform'],['']
77,78,tea box ,['metal'],['pluriform'],['']
78,79,wooden dog ,['wood'],['uniform'],['']
79,80,green sponge ,['sponge'],['pluriform'],['']
80,81,Travel clock ,['metal'],['pluriform'],['shiny']
81,82,Apple ,['fruit'],['pluriform'],['']
82,83,triangle figure ,['wood'],['uniform'],['']
83,84,grey/white stone ,['stone'],['pluriform'],['coarse']
84,85,Colorful toysquare ,['plastic'],['pluriform'],['']
85,86,socks ,['cloth'],['pluriform'],['']
86,87,double triangle figure ,['wood'],['uniform'],['']
87,88,red jar ,['plastic'],['pluriform'],['']
88,89,white tube ,['plastic'],['pluriform'],['']
89,90,smiling duck ,['plastic'],['pluriform'],['shiny']
90,91,colorful stone  ,['plastic'],['pluriform'],['']
91,92,autan stick ,['plastic'],['pluriform'],['']
92,93,black shoe ,"['cloth', 'plastic', 'rope']",['uniform'],['composite']
93,94,kitkat bar ,['paper'],['pluriform'],['']
94,95,wooden glue ,"['plastic', 'paper']",['pluriform'],['composite']
95,96,gold wire ,"['rope', 'plastic']",['uniform'],"['composite', 'shiny']"
96,97,Thee container ,['metal'],['uniform'],['shiny']
97,98,Teat ,['plastic'],['pluriform'],['']
98,99,Brown/white jar ,"['glass', 'metal', 'paper']",['pluriform'],['composite']
99,100,Kleenex tissues ,['plastic'],['pluriform'],['']
100,101,Card game ,['paper'],['pluriform'],['']
101,102,Kiwi ,['fruit'],['uniform'],['coarse']
102,103,Ajax ball ,['plastic'],['pluriform'],['']
103,104,Metal alarm ,"['metal', 'plastic']",['pluriform'],"['composite', 'shiny']"
104,105,Blue/black tube ,"['plastic', 'paper']",['pluriform'],['']
105,106,Box ,['plastic'],['pluriform'],['shiny']
106,107,Party fluit ,['paper'],['pluriform'],['']
107,108,Drums ,['wood'],['pluriform'],['']
108,109,White/black tube ,['plastic'],['pluriform'],['']
109,110,Wooden teabox ,['wood'],['pluriform'],['']
110,111,Salt ,['plastic'],['pluriform'],['']
111,112,Yellow box ,['plastic'],['pluriform'],['']
112,113,White shoe ,"['cloth', 'plastic']",['uniform'],['composite']
113,114,Wooden hand ,['wood'],['uniform'],['']
114,115,Small chess piece ,['wood'],['uniform'],['']
115,116,Donkey ,['cloth'],['pluriform'],['']
116,117,White/red stone ,['stone'],['pluriform'],['shiny']
117,118,Pinokio ,['wood'],['pluriform'],['shiny']
118,119,White cloth ,['cloth'],['uniform'],['']
119,120,foam ,['foam'],['uniform'],['coarse']
120,121,blue book ,['paper'],['pluriform'],['']
121,122,silvo spicebox ,"['plastic', 'paper']",['pluriform'],['shiny']
122,123,sun perfume  ,"['metal', 'glass']",['pluriform'],['']
123,124,pyralvex  ,"['paper', 'metal', 'plastic']",['pluriform'],['composite']
124,125,white cup ,['glass'],['uniform'],['']
125,126,chicken spices ,['plastic'],['pluriform'],['']
126,127,yellow can ,['glass'],['pluriform'],['']
127,128,basilica box ,"['plastic', 'paper']",['pluriform'],['']
128,129,blue/metal watch ,"['metal', 'glass']",['pluriform'],['composite']
129,130,orange ring ,['plastic'],['uniform'],['shiny']
130,131,perfume ,"['glass', 'metal']",['pluriform'],['shiny']
131,132,yellow cat ,['wood'],['pluriform'],['smooth']
132,133,curry spices ,['plastic'],['pluriform'],['']
133,134,green object ,['plastic'],['uniform'],['']
134,135,toy keys ,['plastic'],['pluriform'],['']
135,136,purple car ,"['metal', 'plastic']",['pluriform'],['composite']
136,137,green stick ,['plastic'],['pluriform'],['']
137,138,blue car ,['plastic'],['pluriform'],['']
138,139,yellow/blue playmobile ,['plastic'],['pluriform'],['']
139,140,penguin ,"['cloth', 'plastic']",['pluriform'],['composite']
140,141,nail polisher ,"['plastic', 'glass', 'paper']",['pluriform'],"['composite', 'shiny']"
141,142,blue/red turtle ,['plastic'],['pluriform'],['shiny']
142,143,green/yellow stone ,['plastic'],['pluriform'],['']
143,144,green/red box ,['metal'],['pluriform'],['shiny']
144,145,red/blue playmobile ,['plastic'],['pluriform'],['']
145,146,pill box ,"['glass', 'plastic', 'paper']",['pluriform'],['shiny']
146,147,brown wallet ,"['plastic', 'cloth']",['pluriform'],['composite']
147,148,red car ,"['metal', 'plastic']",['uniform'],['composite']
148,149,yellow lighter ,"['plastic', 'metal']",['pluriform'],['composite']
149,150,red/white jojo ,"['rope', 'plastic']",['pluriform'],['composite']
150,151,fire truck ,"['metal', 'plastic']",['pluriform'],['composite']
151,152,red/yellow cross  ,['plastic'],['pluriform'],['']
152,153,green cup ,['plastic'],['uniform'],['']
153,154,police truck ,"['metal', 'plastic']",['pluriform'],['composite']
154,155,badminton shuttle ,"['plastic', 'rubber']",['pluriform'],['composite']
155,156,alarm clock ,"['metal', 'glass']",['pluriform'],['composite']
156,157,winny the pooh cup ,['plastic'],['pluriform'],['']
157,158,green-metallic car ,"['metal', 'plastic']",['uniform'],['composite']
158,159,horse ,['plastic'],['pluriform'],['shiny']
159,160,white car ,"['metal', 'plastic']",['uniform'],['composite']
160,161,yellow teapot ,['glass'],['uniform'],['shiny']
161,162,gold/red men ,['plastic'],['pluriform'],['shiny']
162,163,keys blue hanger ,"['metal', 'plastic']",['pluriform'],"['composite', 'shiny']"
163,164,pink ball ,['plastic'],['pluriform'],['coarse']
164,165,globe ,['plastic'],['pluriform'],['']
165,166,pepper can ,['metal'],['uniform'],['shiny']
166,167,red car ,"['metal', 'plastic']",['pluriform'],"['composite', 'shiny']"
167,168,glass tray ,['plastic'],['pluriform'],['shiny']
168,169,turkey ,['plastic'],['pluriform'],['']
169,170,tree ,['plastic'],['uniform'],['']
170,171,shell ,['shell'],['pluriform'],['']
171,172,shampoo ,"['plastic', 'paper']",['pluriform'],"['composite', 'shiny']"
172,173,plug ,"['plastic', 'metal']",['uniform'],['composite']
173,174,white christmas bear ,['cloth'],['pluriform'],['']
174,175,eland  ,['cloth'],['uniform'],['']
175,176,red light ,['plastic'],['uniform'],['ribbed']
176,177,pink ring ,['plastic'],['pluriform'],['shiny']
177,178,white teeth ,"['plastic', 'metal']",['uniform'],['composite']
178,179,tape ,"['paper', 'plastic']",['uniform'],['composite']
179,180,radio ,"['metal', 'plastic']",['uniform'],"['composite', 'shiny']"
180,181,wooden square ,['wood'],['uniform'],['smooth']
181,182,wooden triangle ,['wood'],['uniform'],['smooth']
182,183,half red circle ,['wood'],['uniform'],"['smooth', 'shiny']"
183,184,white cotton ,['cotton'],['uniform'],['striped']
184,185,teeth wire ,['plastic'],['pluriform'],['shiny']
185,186,Coin in velvet box ,"['velvet', 'metal']",['uniform'],['shiny']
186,187,toothpaste ,['plastic'],['pluriform'],['']
187,188,yellow train ,['plastic'],['uniform'],['shiny']
188,189,brown ashtray ,['wood'],['uniform'],['']
189,190,shell 3 ,['shell'],['pluriform'],['']
190,191,clothes peg ,"['plastic', 'metal']",['uniform'],['composite']
191,192,green truck ,"['metal', 'plastic']",['uniform'],"['composite', 'shiny']"
192,193,green turtle ,['plastic'],['uniform'],['shiny']
193,194,Spice box ,['plastic'],['pluriform'],['shiny']
194,195,Russian doll 1 ,['wood'],['pluriform'],['shiny']
195,196,Russian doll 2 ,['wood'],['pluriform'],['shiny']
196,197,Small russian doll ,['wood'],['pluriform'],['shiny']
197,198,Smalles russian doll ,['wood'],['pluriform'],['shiny']
198,199,Three russian dolls ,['wood'],['pluriform'],['shiny']
199,200,Red/yellow block ,['metal'],['pluriform'],['']
200,201,Frog ,['pottery'],['pluriform'],['']
201,202,pig ,['cloth'],['uniform'],['']
202,203,mouse ,['cloth'],['pluriform'],['']
203,204,small globe ,"['metal', 'wood']",['pluriform'],"['composite', 'smooth']"
204,205,landscape pot ,['pottery'],['pluriform'],['shiny']
205,206,beer glass ,['glass'],['pluriform'],['shiny']
206,207,white ashtray ,['pottery'],['pluriform'],['']
207,208,alarm clock ,"['metal', 'glass']",['pluriform'],"['shiny', 'composite']"
208,209,dog ,['glass'],['pluriform'],['shiny']
209,210,calender ,['plastic'],['pluriform'],['']
210,211,froggame ,['plastic'],['pluriform'],['']
211,212,batteries ,"['metal', 'plastic']",['pluriform'],"['shiny', 'composite']"
212,213,pritt glue ,['plastic'],['pluriform'],['']
213,214,orange book ,"['plastic', 'paper']",['uniform'],['composite']
214,215,staple machine ,['metal'],['pluriform'],['shiny']
215,216,yellow/black tape box ,['paper'],['pluriform'],['']
216,217,niceday box ,['paper'],['pluriform'],['']
217,218,plates ,['plastic'],['pluriform'],['striped']
218,219,pickwick teabox ,['paper'],['pluriform'],['shiny']
219,220,toy rings ,['wood'],['pluriform'],['smooth']
220,221,sitting frog ,['pottery'],['pluriform'],['shiny']
221,222,top ,['plastic'],['pluriform'],['']
222,223,floppies box ,['paper'],['pluriform'],['']
223,224,round box ,['plastic'],['uniform'],['']
224,225,pink shell ,['shell'],['pluriform'],['coarse']
225,226,shell 3 ,['shell'],['pluriform'],['coarse']
226,227,shell with holes ,['shell'],['pluriform'],['']
227,228,shell 4 ,['shell'],['pluriform'],['striped']
228,229,shell 5 ,['shell'],['pluriform'],['coarse']
229,230,small stone ,['stone'],[''],['coarse']
230,231,shell 6 ,['shell'],['pluriform'],['shiny']
231,232,red ring ,['plastic'],['uniform'],['']
232,233,toy corn ,['plastic'],['uniform'],['ribbed']
233,234,red/white men ,['plastic'],['pluriform'],['']
234,235,green box ,['plastic'],['uniform'],['']
235,236,yellow round box ,['plastic'],['uniform'],['']
236,237,pocket knife ,['metal'],['pluriform'],['']
237,238,ice bear ,['pottery'],['pluriform'],['shiny']
238,239,teacup ,['pottery'],['pluriform'],['shiny']
239,240,camera ,"['metal', 'glass']",['pluriform'],"['composite', 'shiny']"
240,241,powerball ,['plastic'],['pluriform'],['shiny']
241,242,black object wire ,['plastic'],['pluriform'],['']
242,243,white/yellow flowers ,['flower'],['pluriform'],['']
243,244,yellow flower ,['flower'],['uniform'],['']
244,245,cactus ,"['plastic', 'flower']",['pluriform'],['composite']
245,246,blue/white pot ,['pottery'],['pluriform'],['shiny']
246,247,blue/white glass object ,['pottery'],['pluriform'],['shiny']
247,248,light brown christmas bear ,['cloth'],['pluriform'],['']
248,249,red square box ,['plastic'],['uniform'],['']
249,250,red round box ,['plastic'],['uniform'],['shiny']
250,251,yellow bridge ,['wood'],['uniform'],['shiny']
251,252,red head ,['plastic'],['uniform'],['shiny']
252,253,sheep ,['plastic'],['pluriform'],['']
253,254,carrot ,['plastic'],['uniform'],['']
254,255,"small, red, round box ",['plastic'],['uniform'],['shiny']
255,256,red thing ,['rubber'],['uniform'],['shiny']
256,257,fake lemon1 ,['plastic'],['uniform'],['coarse']
257,258,"white, round box ",['metal'],['pluriform'],['']
258,259,"white, decorated cup ",['pottery'],['pluriform'],['shiny']
259,260,weight ,['copper'],['uniform'],['shiny']
260,261,pill box ,['plastic'],['pluriform'],['shiny']
261,262,"white, decorated cup 2 ",['pottery'],['pluriform'],['shiny']
262,263,picture frame ,['plastic'],['pluriform'],['coarse']
263,264,droste box ,['metal'],['pluriform'],['shiny']
264,265,light weight ,['copper'],['uniform'],['shiny']
265,266,white/red ball ,['plastic'],['pluriform'],['shiny']
266,267,nail brush ,"['plastic', 'rope']",['uniform'],"['shiny', 'composite']"
267,268,yellow/green sponge ,['sponge'],['pluriform'],['coarse']
268,269,silver box ,['metal'],['uniform'],['shiny']
269,270,yellow lid ,['plastic'],['uniform'],['shiny']
270,271,yellow bowl ,['pottery'],['pluriform'],['shiny']
271,272,brown/striped stick ,['wood'],['pluriform'],['']
272,273,lemon2 ,['fruit'],['pluriform'],['']
273,274,chicken candle ,['candle'],['pluriform'],['shiny']
274,275,beige wire ,"['rope', 'plastic']",['uniform'],['composite']
275,276,bathing lady candle ,['candle'],['pluriform'],['']
276,277,selderie jar ,"['glass', 'paper', 'metal']",['pluriform'],['composite']
277,278,brown brush ,"['wood', 'rope']",['uniform'],"['coarse', 'composite']"
278,279,diele box ,['metal'],['pluriform'],['shiny']
279,280,orange bowl ,['glass'],['pluriform'],['shiny']
280,281,garlic 1 ,['vegetable'],['pluriform'],['']
281,282,driving cow ,['glass'],['pluriform'],['shiny']
282,283,red opener  ,['plastic'],['uniform'],['shiny']
283,284,tiger ,"['plastic', 'glass']",['pluriform'],"['shiny', 'composite']"
284,285,blue/white house1 ,['pottery'],['pluriform'],['shiny']
285,286,nail brush 2 ,"['plastic', 'rope']",['uniform'],['shiny']
286,287,red onion1 ,['vegetable'],['uniform'],"['composite', 'shiny']"
287,288,green chicken candle ,['candle'],['pluriform'],['shiny']
288,289,sambal oelek ,"['glass', 'metal', 'paper']",['pluriform'],"['composite', 'shiny']"
289,290,lion king cup ,['pottery'],['pluriform'],['shiny']
290,291,tennis ball ,['cloth'],['uniform'],['']
291,292,wooden circle ,['wood'],['uniform'],['coarse']
292,293,hallogeen light ,"['plastic', 'glass', 'metal']",['pluriform'],"['composite', 'shiny']"
293,294,white  thing  with handles,['plastic'],['uniform'],['shiny']
294,295,nivea deodorant ,"['glass', 'plastic']",['pluriform'],['shiny']
295,296,new wave gel ,['plastic'],['pluriform'],['']
296,297,sportlife ,['paper'],['pluriform'],['']
297,298,white/blue house 2 ,['pottery'],['pluriform'],['']
298,299,cruesli  ,['wood'],['pluriform'],['']
299,300,metal elephant ,['metal'],['uniform'],['shiny']
300,301,three bottles ,['paper'],['pluriform'],['shiny']
301,302,dune perfume ,['paper'],['pluriform'],['shiny']
302,303,fahrheit perfume ,['paper'],['pluriform'],['']
303,304,yellow elephant ,['plastic'],['pluriform'],['shiny']
304,305,windmill ,['stone'],['pluriform'],['']
305,306,blue/black bulb box ,['paper'],['pluriform'],['']
306,307,blue/white windmill ,['pottery'],['pluriform'],['shiny']
307,308,"red, chinese bowl  ",['pottery'],['pluriform'],['shiny']
308,309,purple flower ,['cloth'],['uniform'],['shiny']
309,310,paprika powder box ,['metal'],['pluriform'],['shiny']
310,311,green powder box ,['metal'],['pluriform'],['']
311,312,pirate box ,['metal'],['pluriform'],['shiny']
312,313,sitting doll ,"['pottery', 'cloth', 'rope']",['pluriform'],['composite']
313,314,"wooden, round box ",['wood'],['pluriform'],['']
314,315,russian dictionary ,['paper'],['pluriform'],['smooth']
315,316,lipstick box ,"['plastic', 'metal']",['uniform'],"['composite', 'shiny']"
316,317,dolphin ,"['plastic', 'metal']",['uniform'],"['composite', 'shiny']"
317,318,blue spoon ,['plastic'],['uniform'],"['composite', 'shiny']"
318,319,bottle eyedrops ,"['plastic', 'paper']",['pluriform'],"['composite', 'shiny']"
319,320,square toy ,['cloth'],['pluriform'],['']
320,321,three tower box ,['paper'],['pluriform'],['']
321,322,cancer book ,['paper'],['pluriform'],['shiny']
322,323,yellow kleenex tissues ,['plastic'],['pluriform'],['']
323,324,red pepper ,['vegetable'],['pluriform'],['composite']
324,325,purple candy ,['plastic'],['pluriform'],['shiny']
325,326,red bottle ,['paper'],['pluriform'],['']
326,327,chocolate bar ,['paper'],['pluriform'],['']
327,328,Metal open container ,['metal'],['uniform'],['shiny']
328,329,Shell 7 ,['shell'],['pluriform'],['']
329,330,Blue/white dog ,['pottery'],['pluriform'],['shiny']
330,331,Australian glass ,['glass'],['pluriform'],['shiny']
331,332,Flower pot ,['pottery'],['pluriform'],['shiny']
332,333,White/brown pig ,['pottery'],['pluriform'],['shiny']
333,334,Turtle egg ,['pottery'],['pluriform'],['']
334,335,Christmas ball ,"['pottery', 'cloth', 'metal']",['pluriform'],"['composite', 'shiny']"
335,336,Green perfume ,"['pottery', 'plastic', 'metal']",['uniform'],"['composite', 'shiny']"
336,337,Heineken box ,['plastic'],['pluriform'],['']
337,338,Brown jar ,"['plastic', 'paper', 'glass']",['pluriform'],"['composite', 'shiny']"
338,339,Blue/red car ,['plastic'],['pluriform'],['']
339,340,Pink doll ,['plastic'],['pluriform'],['']
340,341,Yellow piece ,['plastic'],['uniform'],['']
341,342,Lying women ,"['wood', 'metal']",['pluriform'],['']
342,343,Red/white thing ,['plastic'],['pluriform'],['']
343,344,Yellow thing 2 ,['plastic'],['uniform'],['']
344,345,Salt 2 ,['plastic'],['pluriform'],['shiny']
345,346,Picture frame baby ,"['metal', 'plastic']",['pluriform'],"['composite', 'shiny']"
346,347,Picture gertjan ,"['paper', 'plastic']",['pluriform'],['composite']
347,348,White brush ,"['plastic', 'rope']",['uniform'],['composite']
348,349,Doll in cup ,['plastic'],['pluriform'],['']
349,350,Blue girls shoe ,['plastic'],['uniform'],['shiny']
350,351,Glass sticks ,"['wood', 'plastic', 'glass']",['pluriform'],"['composite', 'shiny']"
351,352,Red egg ,['food'],['pluriform'],['']
352,353,Yellow bag ,['cloth'],['pluriform'],['']
353,354,Yellow dug ,['plastic'],['pluriform'],['']
354,355,Fish decoration ,['pottery'],['pluriform'],['shiny']
355,356,red hart ,['glass'],['uniform'],['shiny']
356,357,cow ,"['plastic', 'metal']",['pluriform'],['composite']
357,358,Pin remover ,"['metal', 'plastic']",['uniform'],"['shiny', 'composite']"
358,359,shell 8 ,['shell'],['pluriform'],['']
359,360,shell 9 ,['shell'],['pluriform'],['']
360,361,green wire ,"['rope', 'wood']",['uniform'],['composite']
361,362,thank you book ,['paper'],['pluriform'],['']
362,363,eaten apple ,['wood'],['pluriform'],['']
363,364,wooden toy ,['wood'],['uniform'],['shiny']
364,365,pig ,['wood'],['uniform'],['']
365,366,Christmas snow bowl ,['plastic'],['pluriform'],['shiny']
366,367,wooden book ,['wood'],['uniform'],['']
367,368,cow kitchen clock ,['plastic'],['pluriform'],['']
368,369,bird egg ,['pottery'],['pluriform'],['']
369,370,wooden frog ,['wood'],['uniform'],['smooth']
370,371,yellow sticks ball ,['plastic'],['pluriform'],['']
371,372,green sticks ball ,['plastic'],['uniform'],['']
372,373,wooden open hand ,['wood'],['uniform'],['smooth']
373,374,tipp ex ,['plastic'],['pluriform'],['shiny']
374,375,yellow/blue open ball ,['plastic'],['pluriform'],['shiny']
375,376,@ ,['metal'],['uniform'],['shiny']
376,377,white wire ,['rope'],['uniform'],['']
377,378,orange alarm ,"['glass', 'plastic']",['pluriform'],"['composite', '']"
378,379,green stone ,['plastic'],['uniform'],['']
379,380,red pig ,['plastic'],['uniform'],['shiny']
380,381,pink angel ,['pottery'],['pluriform'],"['shiny', 'coarse']"
381,382,red pig (reverse) ,['plastic'],['uniform'],['shiny']
382,383,white tape ,"['plastic', 'paper']",['uniform'],['composite']
383,384,blue tipp exx ,['plastic'],['pluriform'],['shiny']
384,385,chinese jar ,"['plastic', 'paper']",['pluriform'],"['composite', 'shiny']"
385,386,photo film ,['plastic'],['pluriform'],['']
386,387,red knijper ,['plastic'],['pluriform'],['shiny']
387,388,yellow wire ,['rope'],['uniform'],['']
388,389,nail polisher 2 ,"['glass', 'plastic']",['pluriform'],['shiny']
389,390,playmobile men ,['plastic'],['pluriform'],['shiny']
390,391,party flute ,"['plastic', 'paper']",['pluriform'],"['composite', 'shiny']"
391,392,white hook ,['plastic'],['uniform'],['']
392,393,orange/blue party flute ,['plastic'],['pluriform'],['']
393,394,white/red box ,['plastic'],['pluriform'],['']
394,395,UvA opener ,['plastic'],['pluriform'],['partlyribbed']
395,396,Blue/white stick ,['plastic'],['pluriform'],['']
396,397,Red battery ,['metal'],['pluriform'],['shiny']
397,398,Green battery ,['metal'],['pluriform'],['shiny']
398,399,…. ,[''],[''],['']
399,400,Wooden massage ,['wood'],['pluriform'],"['shiny', 'smooth']"
400,401,Tealight 2 ,"['metal', 'candle']",['uniform'],['composite']
401,402,Light blue box ,['plastic'],['uniform'],['smooth']
402,403,Blue/purple mouse ,"['plastic', 'metal']",['pluriform'],"['shiny', 'composite']"
403,404,Grey cat ,['pottery'],['pluriform'],['coarse']
404,405,Hole maker ,['metal'],['pluriform'],['shiny']
405,406,Snowman ,['candle'],['pluriform'],['smooth']
406,407,Santa claus ,['candle'],['pluriform'],['smooth']
407,408,dice ,['plastic'],['pluriform'],['']
408,409,white sheep ,"['wool', 'plastic']",['pluriform'],"['rough', 'composite']"
409,410,yellow diving bear ,"['plastic', 'cloth']",['pluriform'],['composite']
410,411,yellow airplane ,['metal'],['uniform'],"['smooth', 'shiny']"
411,412,"white, plastic cup ",['plastic'],['uniform'],['']
412,413,red sitting bear ,['cloth'],['pluriform'],['']
413,414,"brown, plastic cup ",['plastic'],['uniform'],['']
414,415,walking ball ,"['metal', 'plastic']",['uniform'],"['composite', 'coarse']"
415,416,"standing, red book ","['plastic', 'paper']",['pluriform'],['composite']
416,417,wooden clogs ,['wood'],['uniform'],['smooth']
417,418,stone ,['stone'],['pluriform'],['smooth']
418,419,sand…. ,['plastic'],['pluriform'],['']
419,420,Round can ,['metal'],['pluriform'],['']
420,421,Dart arrow ,"['plastic', 'metal']",['uniform'],"['composite', 'shiny']"
421,422,Yellow jojo ,"['wire', 'plastic']",['uniform'],"['composite', 'shiny']"
422,423,Lying dog ,['pottery'],['pluriform'],['smooth']
423,424,Mixed spices ,['plastic'],['pluriform'],['']
424,425,Brown brush ,"['wood', 'rope']",['uniform'],['composite']
425,426,Bus can ,['metal'],['pluriform'],['shiny']
426,427,Glass pig ,['pottery'],['uniform'],['shiny']
427,428,Yellow nail brush ,"['plastic', 'rope']",['uniform'],"['composite', 'shiny']"
428,429,Yellow surprise box ,['plastic'],['uniform'],['']
429,430,Brown bandage box ,['metal'],['pluriform'],['shiny']
430,431,Green bandage box ,['metal'],['pluriform'],['shiny']
431,432,White tape ,"['metal', 'paper']",['pluriform'],['shiny']
432,433,Blue bandage box ,['metal'],['pluriform'],['shiny']
433,434,jam jar ,"['glass', 'metal']",['pluriform'],['composite']
434,435,white marker ,['plastic'],['uniform'],['']
435,436,yellow marker ,['plastic'],['pluriform'],['']
436,437,four vikings ,['plastic'],['pluriform'],['rough']
437,438,green soap box ,['plastic'],['pluriform'],['']
438,439,green  marker ,['plastic'],['pluriform'],['']
439,440,sitting bear ,"['wood', 'cloth']",['pluriform'],['composite']
440,441,….. ,[''],[''],['']
441,442,old green book ,['paper'],['pluriform'],['']
442,443,kangaroo ,"['cloth', 'plastic']",['pluriform'],['composite']
443,444,white tennisball ,['cloth'],['pluriform'],['']
444,445,bike repair ,"['elastic', 'metal']",['pluriform'],['composite']
445,446,orange ,['fruit'],['uniform'],['']
446,447,Fievel mouse cup ,['pottery'],['pluriform'],['shiny']
447,448,Cigarette package ,['paper'],['pluriform'],['']
448,449,Lighter ,"['plastic', 'metal']",['pluriform'],"['composite', 'shiny']"
449,450,Big smurf ,['plastic'],['pluriform'],['shiny']
450,451,Pass photo ,['paper'],['pluriform'],['']
451,452,pinbox ,"['plastic', 'metal']",['pluriform'],['composite']
452,453,white hole maker ,['metal'],['uniform'],['shiny']
453,454,liga snack ,['plastic'],['pluriform'],['']
454,455,coca-cola ,['metal'],['pluriform'],['shiny']
455,456,pulling on beach ,['paper'],['pluriform'],['']
456,457,computer mouse  ,"['plastic', 'metal']",['pluriform'],"['composite', 'shiny']"
457,458,dark green paper ,['paper'],['pluriform'],['']
458,459,pink pig ,['plastic'],['uniform'],['shiny']
459,460,calculator  ,['plastic'],['pluriform'],['shiny']
460,461,toilet paper ,['paper'],['uniform'],['']
461,462,red toy ring ,['plastic'],['uniform'],['shiny']
462,463,tooth paste ,['plastic'],['pluriform'],['']
463,464,heida yoghurt ,['plastic'],['pluriform'],['']
464,465,yellow pills ,"['plastic', 'metal']",['uniform'],['composite']
465,466,blue marker ,"['metal', 'plastic']",['pluriform'],['composite']
466,467,nice day box ,['paper'],['pluriform'],['']
467,468,yellow post-it ,['paper'],['uniform'],['']
468,469,white pills ,['plastic'],['uniform'],['']
469,470,orange spoon ,"['metal', 'plastic']",['uniform'],"['composite', 'shiny']"
470,471,glitter hanger ,"['plastic', 'metal']",['pluriform'],"['composite', 'shiny']"
471,472,small post-it ,['paper'],['uniform'],['']
472,473,euro-shopper tissues ,['plastic'],['pluriform'],['']
473,474,lying salt ,['plastic'],['pluriform'],['shiny']
474,475,red marker ,['plastic'],['pluriform'],['']
475,476,green marker ,['plastic'],['pluriform'],['']
476,477,white marker ,"['metal', 'plastic']",['pluriform'],"['composite', 'shiny']"
477,478,colorful necless ,['stone'],['pluriform'],['']
478,479,chocolate donut ,['food'],['pluriform'],['']
479,480,eaten chocolate donut ,['food'],['pluriform'],['']
480,481,small gel ,['plastic'],['pluriform'],['shiny']
481,482,blue car ,['plastic'],['pluriform'],['shiny']
482,483,mp3  ,"['metal', 'plastic']",['pluriform'],"['composite', 'shiny']"
483,484,scotch tape ,['paper'],['pluriform'],['']
484,485,candy  ,['paper'],['pluriform'],['shiny']
485,486,computer plug ,"['plastic', 'metal']",['uniform'],"['composite', 'shiny']"
486,487,white jar ,['plastic'],['pluriform'],['']
487,488,invisible tape ,['plastic'],['pluriform'],['shiny']
488,489,brown/white house ,['pottery'],['pluriform'],['']
489,490,prick ,['plastic'],['pluriform'],['shiny']
490,491,brown vase  ,['pottery'],['uniform'],['']
491,492,green safe ,"['plastic', 'metal']",['uniform'],['shiny']
492,493,wooden box ,['wood'],['pluriform'],['']
493,494,empty toilet paper ,['paper'],['pluriform'],['']
494,495,big blue marker ,['plastic'],['pluriform'],['shiny']
495,496,…. ,[''],[''],['']
496,497,White sprayer ,['plastic'],['uniform'],['']
497,498,White/red sling ,"['metal', 'plastic']",['pluriform'],"['composite', 'shiny']"
498,499,White object ,['plastic'],['uniform'],['shiny']
499,500,Purple object ,['plastic'],['uniform'],['shiny']
500,501,….. ,[''],[''],['']
501,502,white screw ,['plastic'],['uniform'],['shiny']
502,503,green parrot ,['pottery'],['pluriform'],"['smooth', 'shiny']"
503,504,broken red toothbrush ,"['plastic', 'wire']",['uniform'],"['composite', 'shiny']"
504,505,yellow/green sticks ,['plastic'],['pluriform'],['']
505,506,yellow scissors ,"['plastic', 'metal']",['uniform'],"['composite', 'shiny']"
506,507,yellow cup ,['pottery'],['pluriform'],['shiny']
507,508,big brown pot ,['pottery'],['uniform'],['']
508,509,yellow marker ,['plastic'],['pluriform'],['']
509,510,tomato can ,"['metal', 'paper']",['pluriform'],"['shiny', 'composite']"
510,511,philips box ,['paper'],['pluriform'],['']
511,512,empty tube ,['plastic'],['pluriform'],['shiny']
512,513,…. ,[''],[''],['']
513,514,blue decorated cup ,['plastic'],['pluriform'],['']
514,515,red toy ,['plastic'],['uniform'],['shiny']
515,516,dark red box ,['metal'],['pluriform'],['shiny']
516,517,salmon can ,"['metal', 'paper']",['pluriform'],"['shiny', 'composite']"
517,518,red reflecting light ,['plastic'],['pluriform'],['']
518,519,milkyway bar ,['plastic'],['pluriform'],['shiny']
519,520,blue lightbulb ,"['metal', 'glass']",['uniform'],"['shiny', 'composite']"
520,521,ernie toy ,['plastic'],['pluriform'],['']
521,522,rose box ,['paper'],['pluriform'],['shiny']
522,523,strawberry can ,['metal'],['pluriform'],['shiny']
523,524,shave brush ,"['rope', 'metal']",['uniform'],['composite']
524,525,Paper box ,['paper'],['pluriform'],['']
525,526,Christmas snow bowl ,['plastic'],['pluriform'],['shiny']
526,527,brown wooden book ,['wood'],['uniform'],['rough']
527,528,tealight cup ,"['glass', 'candle']",['uniform'],"['shiny', 'composite']"
528,529,elastic box ,['plastic'],['pluriform'],['shiny']
529,530,square keyhanger ,"['metal', 'plastic']",['pluriform'],"['shiny', 'composite']"
530,531,bunch of keys ,['metal'],['pluriform'],['shiny']
531,532,colorful wallet ,['cloth'],['pluriform'],['']
532,533,treestump ,['wood'],['pluriform'],['']
533,534,lying angel ,['pottery'],['pluriform'],['shiny']
534,535,apple/pear/leaves ,"['plastic', 'cloth']",['pluriform'],['composite']
535,536,blue/white candle ,"['pottery', 'candle']",['uniform'],['composite']
536,537,white bookkeeper ,['pottery'],['uniform'],['']
537,538,red box with two balls ,"['cloth', 'metal', 'glass']",['pluriform'],"['shiny', 'composite']"
538,539,white horse ,['plastic'],['pluriform'],['']
539,540,apple ,['plastic'],['uniform'],['shiny']
540,541,sesamy street toy ,['plastic'],['pluriform'],['shiny']
541,542,lying toy men ,['plastic'],['pluriform'],['shiny']
542,543,cow ,['plastic'],['pluriform'],['shiny']
543,544,yellow princess ,['plastic'],['pluriform'],['']
544,545,two-headed dragon ,['plastic'],['uniform'],['']
545,546,cow2 ,['pottery'],['pluriform'],['shiny']
546,547,building bob ,['plastic'],['pluriform'],['shiny']
547,548,blue rabbit ,['cloth'],['pluriform'],['smooth']
548,549,snake game ,"['plastic', 'wood']",['pluriform'],['']
549,550,winny the pooh ,['plastic'],['pluriform'],['']
550,551,elephant bear ,['cloth'],['pluriform'],['smooth']
551,552,dizzy brown bear ,['cloth'],['pluriform'],['smooth']
552,553,red toy ,['wood'],['pluriform'],['']
553,554,smurfin ,['plastic'],['pluriform'],['shiny']
554,555,dwarf ,['cloth'],['pluriform'],['']
555,556,Cinderella ,['plastic'],['pluriform'],['shiny']
556,557,Chocolate cookie ,['food'],['pluriform'],['']
557,558,Yellow/white robot ,['plastic'],['pluriform'],['shiny']
558,559,Cow 3 ,['plastic'],['pluriform'],['']
559,560,Inkfish ,['rubber'],['uniform'],['rough']
560,561,Road runner ,['plastic'],['pluriform'],['shiny']
561,562,blue/white parrot ,['plastic'],['pluriform'],['shiny']
562,563,orange/purple dragon ,['plastic'],['pluriform'],['']
563,564,small frog ,['pottery'],['pluriform'],['shiny']
564,565,…. ,[''],[''],['']
565,566,Bear head/hands ,['cloth'],['pluriform'],['']
566,567,Pear ,['fruit'],['pluriform'],['']
567,568,Golden egg ,['food'],['pluriform'],['shiny']
568,569,Red/pink lying egg ,['food'],['pluriform'],['shiny']
569,570,Blue egg ,['food'],['pluriform'],['shiny']
570,571,Green egg ,['food'],['uniform'],['shiny']
571,572,Dark red egg ,['food'],['pluriform'],['shiny']
572,573,Pink/red egg ,['food'],['pluriform'],['shiny']
573,574,Vitamine C box ,['plastic'],['pluriform'],['']
574,575,Spices box 1 ,"['plastic', 'metal', 'glass']",['pluriform'],"['shiny', 'composite']"
575,576,Spices box 2 ,"['plastic', 'metal', 'glass']",['pluriform'],"['shiny', 'composite']"
576,577,Spices box 3 ,"['plastic', 'metal', 'glass']",['pluriform'],"['shiny', 'composite']"
577,578,Diamond lid ,['metal'],['pluriform'],['']
578,579,Open jam jar (no metal) ,"['paper', 'glass']",['pluriform'],"['shiny', 'composite']"
579,580,Jam jar 2 ,"['paper', 'metal', 'glass']",['pluriform'],"['shiny', 'composite']"
580,581,Jam jar 3 ,"['paper', 'metal', 'glass']",['pluriform'],"['shiny', 'composite']"
581,582,Open jam jar ,"['paper', 'metal', 'glass']",['pluriform'],"['shiny', 'composite']"
582,583,Bottle tabasco ,"['paper', 'plastic', 'glass']",['pluriform'],"['shiny', 'composite']"
583,584,Yellow monster stamp ,['plastic'],['pluriform'],['']
584,585,Colored ball ,['rubber'],['pluriform'],['']
585,586,Red/yellow ball ,['rubber'],['pluriform'],['']
586,587,Wooden decoration ,['wood'],['pluriform'],['shiny']
587,588,Unheaded men ,['plastic'],['pluriform'],['']
588,589,Red robot ,"['plastic', 'metal']",['pluriform'],"['shiny', 'composite']"
589,590,Spiked green ball   ,['rubber'],['uniform'],['']
590,591,purple flute ,['plastic'],['uniform'],['shiny']
591,592,purple pig ,['plastic'],['pluriform'],['']
592,593,brown eland ,['cloth'],['pluriform'],['']
593,594,yellow fingerbear ,['cloth'],['pluriform'],['']
594,595,driving motor ,"['metal', 'plastic', 'wood']",['uniform'],"['shiny', 'composite']"
595,596,wooden block ,['wood'],['uniform'],['']
596,597,yellow/red  wooden block,['wood'],['pluriform'],['']
597,598,blue wooden block ,['wood'],['pluriform'],['']
598,599,Easter chocolate eggs ,['plastic'],['pluriform'],['shiny']
599,600,Raison box ,['paper'],['pluriform'],['']
600,601,Red object ,['plastic'],['pluriform'],['']
601,602,Green pringles box ,"['paper', 'plastic']",['pluriform'],"['shiny', 'composite']"
602,603,Yellow pringles box ,"['plastic', 'paper']",['pluriform'],"['shiny', 'composite']"
603,604,Blue nivea crème ,['plastic'],['pluriform'],['']
604,605,Green/white tube ,['plastic'],['pluriform'],['shiny']
605,606,Marmite jar ,"['paper', 'metal', 'glass']",['pluriform'],"['shiny', 'composite']"
606,607,White nivea tube  ,['plastic'],['pluriform'],['shiny']
607,608,Thumb-tack box ,['plastic'],['pluriform'],['shiny']
608,609,Red tomato paste ,"['metal', 'paper']",['pluriform'],"['shiny', 'composite']"
609,610,Lying girl ,"['cloth', 'plastic', 'rope']",['pluriform'],['composite']
610,611,Red/green tomato paste ,"['metal', 'paper']",['pluriform'],"['shiny', 'composite']"
611,612,Alarm clock ,"['metal', 'plastic']",['pluriform'],"['shiny', 'composite']"
612,613,Fruit drink ,"['plastic', 'paper']",['pluriform'],"['shiny', 'composite']"
613,614,Wooden doll ,['wood'],['pluriform'],['']
614,615,Sisi can ,['metal'],['pluriform'],['shiny']
615,616,Orange can ,['metal'],['pluriform'],['shiny']
616,617,Spices box 4  ,"['metal', 'glass', 'paper']",['pluriform'],"['shiny', 'composite']"
617,618,Pink/green salmon can ,"['paper', 'metal']",['pluriform'],"['composite', 'shiny']"
618,619,Yellow/green tuna can ,"['metal', 'paper']",['pluriform'],"['composite', 'shiny']"
619,620,Pink duck ,['plastic'],['pluriform'],['shiny']
620,621,White plug ,"['metal', 'plastic']",['pluriform'],['composite']
621,622,White plug 2 ,"['metal', 'plastic']",['uniform'],"['composite', 'shiny']"
622,623,Stone and wire ,"['stone', 'wire']",['uniform'],"['rough', 'composite']"
623,624,Yellow soap ,['plastic'],['pluriform'],"['shiny', 'composite']"
624,625,Zendium toothpaste ,['plastic'],['pluriform'],['shiny']
625,626,Decorated egg ,['food'],['pluriform'],['shiny']
626,627,Baby fruit jar ,"['glass', 'metal', 'paper']",['pluriform'],['']
627,628,Drill toy ,['rubber'],['uniform'],['']
628,629,sterilon bottle ,['plastic'],['pluriform'],['shiny']
629,630,toothpicks ,"['paper', 'plastic', 'glass']",['pluriform'],"['shiny', 'composite']"
630,631,white plug 3 ,"['plastic', 'metal']",['uniform'],"['shiny', 'composite']"
631,632,blue shampoo ,['plastic'],['pluriform'],['shiny']
632,633,Jodium bottle ,['plastic'],['pluriform'],['shiny']
633,634,Green eyed car ,['plastic'],['pluriform'],['']
634,635,Standing paperclip box ,['plastic'],['pluriform'],['shiny']
635,636,Lying paperclip box ,['plastic'],['pluriform'],['shiny']
636,637,Black pringles ,"['paper', 'plastic']",['pluriform'],['composite']
637,638,Fruit drink 2 ,"['plastic', 'paper']",['pluriform'],"['shiny', 'composite']"
638,639,Clock ,"['metal', 'glass']",['pluriform'],"['shiny', 'composite']"
639,640,baby fruit jar 2 ,"['paper', 'metal', 'glass']",['pluriform'],"['composite', 'shiny']"
640,641,standing raison box ,['paper'],['pluriform'],['']
641,642,stampler ,['metal'],['pluriform'],['shiny']
642,643,dragon stamp ,"['stone', 'paper']",['pluriform'],['composite']
643,644,red round box ,['metal'],['pluriform'],['shiny']
644,645,white object ,['stone'],['uniform'],['']
645,646,green flower ,['wood'],['pluriform'],['']
646,647,"wooden, red flower ",['wood'],['pluriform'],['']
647,648,fruit mix ,"['plastic', 'cloth']",['pluriform'],"['composite', 'shiny']"
648,649,apple ,['fruit'],['pluriform'],['']
649,650,kiwi ,['fruit'],['uniform'],['']
650,651,lemon ,['fruit'],['uniform'],['shiny']
651,652,brown stone ,['stone'],['pluriform'],"['shiny', 'smooth']"
652,653,fake strawberry 1 ,['plastic'],['pluriform'],['shiny']
653,654,fake tomato ,['pottery'],['pluriform'],['']
654,655,fake strawberry 2 ,['plastic'],['pluriform'],['']
655,656,fake melon ,['plastic'],['pluriform'],['shiny']
656,657,fake brown orange ,['plastic'],['uniform'],['']
657,658,red stone ,['stone'],['pluriform'],['shiny']
658,659,black/white stone ,['stone'],['pluriform'],['shiny']
659,660,grey stone ,['stone'],['pluriform'],['shiny']
660,661,yellow/red strawberry ,['plastic'],['pluriform'],['rough']
661,662,yellow/green strawberry ,['plastic'],['pluriform'],['shiny']
662,663,cherries ,['plastic'],['pluriform'],['shiny']
663,664,spiked pink ball ,['plastic'],['pluriform'],['spiked']
664,665,cherry ,['plastic'],['pluriform'],['shiny']
665,666,fake pear ,['plastic'],['uniform'],['shiny']
666,667,fake white onion ,['plastic'],['uniform'],['shiny']
667,668,strawberries ,['plastic'],['pluriform'],['shiny']
668,669,mushroom ,['plastic'],['pluriform'],['shiny']
669,670,stone flower ,['stone'],['uniform'],['']
670,671,wooden egg ,['wood'],['pluriform'],['']
671,672,white ball ,['stone'],['uniform'],['shiny']
672,673,trophy  ,"['stone', 'metal']",['pluriform'],"['shiny', 'composite']"
673,674,big pink eared animal ,['rubber'],['pluriform'],['shiny']
674,675,garfield ,['plastic'],['pluriform'],['']
675,676,van basten ,['plastic'],['pluriform'],['shiny']
676,677,blue chopper ,['plastic'],['pluriform'],['shiny']
677,678,purple flying dragon ,['plastic'],['pluriform'],['shiny']
678,679,green frog ,['plastic'],['pluriform'],['']
679,680,white hook ,['plastic'],['uniform'],['shiny']
680,681,shower cream  ,['plastic'],['pluriform'],['shiny']
681,682,white office object ,['plastic'],['uniform'],['shiny']
682,683,picking blue parrot ,['plastic'],['pluriform'],['shiny']
683,684,open black box ,"['metal', 'plastic']",['pluriform'],"['shiny', 'composite']"
684,685,green stick ,['plastic'],['pluriform'],['shiny']
685,686,green bird ,['plastic'],['pluriform'],['shiny']
686,687,baseball  ,['cloth'],['pluriform'],['']
687,688,calex light bulb ,['paper'],['pluriform'],['shiny']
688,689,growling dog ,['plastic'],['pluriform'],['']
689,690,pink sticks in box ,['plastic'],['pluriform'],['shiny']
690,691,"red, plastic bear ",['plastic'],['pluriform'],['']
691,692,pink bird ,['plastic'],['pluriform'],['']
692,693,wooden sticks ,['wood'],['uniform'],['']
693,694,white reflecting light ,['glass'],['uniform'],['shiny']
694,695,orange dog  ,['plastic'],['pluriform'],['']
695,696,green fish ,"['paper', 'plastic']",['pluriform'],['composite']
696,697,boat ,['plastic'],['pluriform'],['']
697,698,children on bike ,['plastic'],['pluriform'],['shiny']
698,699,key hanger ,"['cloth', 'metal']",['pluriform'],"['shiny', 'composite']"
699,700,daffy duck ,['plastic'],['pluriform'],['shiny']
700,701,white alarm ,['plastic'],['pluriform'],['shiny']
701,702,orange toy ,['plastic'],['pluriform'],['shiny']
702,703,snorkel toy ,['plastic'],['pluriform'],['']
703,704,yellow/white airplane ,['plastic'],['pluriform'],['']
704,705,green capsicum ,['fruit'],['uniform'],"['composite', 'shiny']"
705,706,red capsicum ,['fruit'],['uniform'],"['composite', 'shiny']"
706,707,mango  ,['fruit'],['pluriform'],['']
707,708,kiwi ,['fruit'],['uniform'],['']
708,709,big mushroom ,['vegetable'],['uniform'],['']
709,710,apple ,['fruit'],['pluriform'],['']
710,711,small mushroom ,['vegetable'],['uniform'],['']
711,712,mandarin ,['fruit'],['pluriform'],['shiny']
712,713,lemon ,['fruit'],['uniform'],['shiny']
713,714,onion ,['vegetable'],['pluriform'],['shiny']
714,715,Unknown fruit ,['fruit'],['pluriform'],['shiny']
715,716,Unknown fruit 2 ,['fruit'],['uniform'],"['coarse', 'rough']"
716,717,small onion ,['vegetable'],['pluriform'],['shiny']
717,718,garlic ,['vegetable'],['uniform'],['']
718,719,tomato ,['vegetable'],['uniform'],['shiny']
719,720,red onion ,['vegetable'],['uniform'],['shiny']
720,721,pear ,['fruit'],['pluriform'],['shiny']
721,722,lemon ,['fruit'],['uniform'],['shiny']
722,723,flat french bean ,['vegetable'],['uniform'],['']
723,724,french bean ,['vegetable'],['uniform'],['']
724,725,purple rhinoceros  ,['plastic'],['pluriform'],['']
725,726,wooden clogs ,"['wood', 'cloth']",['pluriform'],['']
726,727,brown toy doll ,['plastic'],['pluriform'],['shiny']
727,728,orange rhinoceros ,['plastic'],['pluriform'],['shiny']
728,729,jojo ,"['plastic', 'rope']",['pluriform'],"['shiny', 'composite']"
729,730,jojo box ,['paper'],['pluriform'],['']
730,731,orange/white fish ,['plastic'],['pluriform'],['']
731,732,blue/white rabbit ,['pottery'],['pluriform'],['shiny']
732,733,Old-fashioned cosmetics ,['plastic'],['pluriform'],['shiny']
733,734,Small statue ,"['metal', 'stone']",['uniform'],['shiny']
734,735,Lady bird on stone ,['stone'],['pluriform'],['shiny']
735,736,Travelling dog ,['plastic'],['pluriform'],['']
736,737,Pocket knife ,['metal'],['pluriform'],['shiny']
737,738,Light yellow flower ,['flower'],['pluriform'],['']
738,739,Yellow flower ,['flower'],['pluriform'],['']
739,740,Old timer candy ,['paper'],['pluriform'],['']
740,741,Color markers ,['plastic'],['pluriform'],['']
741,742,Red reflecting light ,['plastic'],['uniform'],['shiny']
742,743,Box of small patches ,['plastic'],['pluriform'],['shiny']
743,744,UvA cup ,['plastic'],['pluriform'],['shiny']
744,745,Green plastic tree ,['plastic'],['uniform'],['shiny']
745,746,Small light bulbs ,"['paper', 'plastic', 'metal']",['pluriform'],"['shiny', 'composite']"
746,747,Orange box ,['paper'],['uniform'],['']
747,748,Small pot ,['pottery'],['pluriform'],['']
748,749,Small pot 2 ,['pottery'],['pluriform'],['']
749,750,Small pot 3 ,['pottery'],['pluriform'],['']
750,751,Cloth box ,['cloth'],['pluriform'],['']
751,752,Teddy bear ,['cloth'],['uniform'],['rough']
752,753,ICCV mug ,['pottery'],['pluriform'],['shiny']
753,754,Herb box ,"['glass', 'herbs']",['pluriform'],"['composite', 'shiny']"
754,755,Bread ingredients ,['paper'],['pluriform'],['']
755,756,white blue salt box ,['plastic'],['pluriform'],['shiny']
756,757,purple book Koenderink ,['paper'],['pluriform'],['']
757,758,wooden thing ,['wood'],['pluriform'],['coarse']
758,759,round basket ,['wood'],['uniform'],['ribbed']
759,760,Zwitsal bottle ,['plastic'],['pluriform'],['shiny']
760,761,brown/white spray ,"['metal', 'plastic']",['pluriform'],['smooth']
761,762,bottle oil ,"['plastic', 'paper']",['pluriform'],['shiny']
762,763,hot chocholate cup ,['pottery'],['pluriform'],['shiny']
763,764,yellow square toy ,['plastic'],['pluriform'],['shiny']
764,765,colored playball ,['cloth'],['pluriform'],['']
765,766,colored toy box ,['cloth'],['pluriform'],['']
766,767,brown/white dog ,"['cloth', 'plastic']",['pluriform'],['composite']
767,768,book ,['paper'],['pluriform'],['']
768,769,colored toy bell ,['wood'],['pluriform'],['']
769,770,long amsterdam box ,['paper'],['pluriform'],['']
770,771,poffertjes box ,['paper'],['pluriform'],['']
771,772,pannekoeken box ,['paper'],['pluriform'],['']
772,773,van gogh box ,['metal'],['pluriform'],['shiny']
773,774,cappuccino cup ,['pottery'],['pluriform'],"['shiny', 'smooth']"
774,775,yellow toy box ,['plastic'],['pluriform'],['shiny']
775,776,colored clown doll ,['cloth'],['pluriform'],['']
776,777,baby butterfly ,['cloth'],['pluriform'],['']
777,778,electronics ,"['metal', 'plastic']",['pluriform'],['']
778,779,koala beer ,"['cloth', 'plastic']",['pluriform'],['']
779,780,square basket ,['wood'],['uniform'],['']
780,781,dryed flowers in basket ,"['wood', 'flower']",['pluriform'],['']
781,782,styling gel ,"['plastic', 'paper']",['pluriform'],['shiny']
782,783,bambix box ,['paper'],['pluriform'],['']
783,784,orange species bag ,['paper'],['pluriform'],['shiny']
784,785,Denne appel ,['wood'],['uniform'],['rough']
785,786,vase ,['pottery'],['uniform'],['smooth']
786,787,porseline egg ,['pottery'],['uniform'],['shiny']
787,788,pen ,"['metal', 'plastic']",['uniform'],['shiny']
788,789,tin can ,['metal'],['uniform'],['shiny']
789,790,pepper mill ,"['wood', 'metal']",['uniform'],"['shiny', 'composite']"
790,791,glass candle holder ,['glass'],['uniform'],"['rough', 'shiny']"
791,792,glass jar ,['glass'],['pluriform'],['shiny']
792,793,wooden square toy ,['wood'],['pluriform'],['']
793,794,yellow cup ,['pottery'],['uniform'],['shiny']
794,795,road cup 1 ,['pottery'],['pluriform'],['shiny']
795,796,road cup 2 ,['pottery'],['pluriform'],['shiny']
796,797,fish cup ,['plastic'],['uniform'],['ribbed']
797,798,isostar bottle ,"['plastic', 'paper']",['pluriform'],"['shiny', 'composite']"
798,799,multo book  ,"['plastic', 'paper']",['pluriform'],"['shiny', 'composite']"
799,800,tea can ,['metal'],['pluriform'],['shiny']
800,801,sandwich in plastic ,['plastic'],['pluriform'],['shiny']
801,802,ball ,['plastic'],['pluriform'],['shiny']
802,803,basket ,['wood'],['uniform'],['ribbed']
803,804,colored tinned box ,['metal'],['pluriform'],['shiny']
804,805,decorated can ,['metal'],['pluriform'],['shiny']
805,806,balloon ,['rubber'],['uniform'],['']
806,807,DE sticks ,"['paper', 'plastic']",['pluriform'],['composite']
807,808,tabacco pot ,"['wood', 'metal']",['uniform'],"['composite', 'shiny']"
808,809,Water sprayer ,['plastic'],['uniform'],['shiny']
809,810,yellow pot ,['plastic'],['uniform'],['shiny']
810,811,lewy (aibo ERS-7) ,['plastic'],['pluriform'],['shiny']
811,812,flower pot  ,['pottery'],['uniform'],['']
812,813,FA deoderant ,"['plastic', 'metal']",['pluriform'],"['shiny', 'composite']"
813,814,blocked cup ,['pottery'],['pluriform'],['shiny']
814,815,tissue box ,['paper'],['pluriform'],['']
815,816,bottle SPA ,"['plastic', 'paper']",['pluriform'],"['composite', 'shiny']"
816,817,lunch box ,['plastic'],['pluriform'],['']
817,818,money box ,['metal'],['pluriform'],['shiny']
818,819,"""vergiet"" ",['plastic'],['uniform'],['shiny']
819,820,flower pot ,['plastic'],['pluriform'],['']
820,821,basket ,['plastic'],['uniform'],['shiny']
821,822,jacket ,['cloth'],['pluriform'],['']
822,823,"""gieter"" ",['plastic'],['pluriform'],['']
823,824,bag ,['plastic'],['pluriform'],['']
824,825,kruidcake package ,['paper'],['pluriform'],['']
825,826,shoe ,"['cloth', 'rubber']",['pluriform'],['composite']
826,827,cup ,"['pottery', 'plastic']",['pluriform'],"['composite', 'shiny']"
827,828,tea box ,"['paper', 'plastic']",['pluriform'],['composite']
828,829,bottle Vitel ,"['plastic', 'paper']",['pluriform'],"['composite', 'shiny']"
829,830,glass pot ,"['glass', 'metal']",['uniform'],"['composite', 'shiny']"
830,831,bar-le-duc bottle ,"['plastic', 'paper']",['pluriform'],"['composite', '']"
831,832,video-tape ,"['paper', 'plastic']",['pluriform'],['composite']
832,833,christmas tree ,"['plastic', 'wood', 'glass', 'wire']",['pluriform'],"['composite', 'shiny']"
833,834,aquafresh toothpaste ,['plastic'],['pluriform'],['shiny']
834,835,cat in basket ,"['paper', 'plastic']",['uniform'],"['composite', 'shiny']"
835,836,knot of wire ,['rope'],['uniform'],['shiny']
836,837,box with elastics ,"['plastic', 'paper']",['pluriform'],"['composite', 'shiny']"
837,838,sugar  ,['paper'],['pluriform'],['']
838,839,candle keeper ,"['plastic', 'metal']",['pluriform'],"['composite', 'shiny']"
839,840,paladin box ,['paper'],['pluriform'],['']
840,841,wholemaker box ,['paper'],['pluriform'],['']
841,842,pickwick tea box ,['plastic'],['pluriform'],['shiny']
842,843,board wiper ,['cloth'],['pluriform'],['']
843,844,white wire ,['wire'],['uniform'],['']
844,845,plant in pot ,"['plant', 'pottery']",['pluriform'],['composite']
845,846,orange juice ,"['paper', 'plastic']",['pluriform'],['composite']
846,847,nutricia cream ,"['paper', 'plastic']",['pluriform'],['composite']
847,848,round box 1 ,['metal'],['pluriform'],['shiny']
848,849,round box 2 ,['metal'],['pluriform'],['shiny']
849,850,becel butter ,['plastic'],['pluriform'],['']
850,851,pot ,['pottery'],['uniform'],['']
851,852,sil washgel ,"['plastic', 'paper']",['pluriform'],"['composite', 'shiny']"
852,853,nikwax spray ,"['plastic', 'paper']",['pluriform'],"['composite', 'shiny']"
853,854,omo powder ,['paper'],['pluriform'],['shiny']
854,855,gas pot 1 ,['metal'],['pluriform'],['shiny']
855,856,bidon ,['plastic'],['pluriform'],['shiny']
856,857,coffee can  ,"['metal', 'plastic']",['pluriform'],"['shiny', 'composite']"
857,858,bolletje bisquits ,['paper'],['pluriform'],['shiny']
858,859,gas pot 2  ,['metal'],['pluriform'],['shiny']
859,860,German bockworst ,"['paper', 'metal']",['pluriform'],"['shiny', 'composite']"
860,861,kellogg's fruit'n fibre ,['paper'],['pluriform'],['']
861,862,shuttle box ,"['plastic', 'paper']",['pluriform'],"['composite', 'shiny']"
862,863,DE coffee sirop ,"['metal', 'glass', 'paper']",['pluriform'],"['composite', 'shiny']"
863,864,Biotex ,"['plastic', 'paper']",['pluriform'],['composite']
864,865,Travelkit ,"['plastic', 'rope', 'metal', 'cloth']",['uniform'],"['composite', 'shiny']"
865,866,Cactus ,"['plant', 'pottery']",['pluriform'],['composite']
866,867,calender ,['paper'],['pluriform'],['']
867,868,nutrilon nora box ,['paper'],['pluriform'],['']
868,869,tefal bag ,"['cloth', 'plastic']",['pluriform'],['composite']
869,870,pineapple ,['fruit'],['pluriform'],['composite']
870,871,jip&janneke balloon ,['rubber'],['pluriform'],['shiny']
871,872,nijntje lunch box ,['plastic'],['pluriform'],['shiny']
872,873,mango ,['fruit'],['pluriform'],['']
873,874,milka chocolate candies ,['plastic'],['pluriform'],['shiny']
874,875,plastic tea pot ,['plastic'],['pluriform'],['shiny']
875,876,sun washing tablets ,['paper'],['pluriform'],['']
876,877,cauliflower ,['vegetable'],['pluriform'],['']
877,878,paper cat ,['paper'],['pluriform'],['']
878,879,cucumber ,['fruit'],['uniform'],['']
879,880,carrot ,['vegetable'],['pluriform'],['']
880,881,courgette ,['vegetable'],['pluriform'],['']
881,882,orange ,['fruit'],['uniform'],['']
882,883,asperges ,"['vegetable', 'paper']",['pluriform'],['composite']
883,884,rettig ,['vegetable'],['pluriform'],['composite']
884,885,sweet potato ,['vegetable'],['uniform'],['']
885,886,horse ,['pottery'],['pluriform'],['shiny']
886,887,witlof ,['vegetable'],['pluriform'],['']
887,888,melon ,['fruit'],['pluriform'],['']
888,889,egg plant ,['vegetable'],['uniform'],['composite']
889,890,lego toy ,['plastic'],['pluriform'],['shiny']
890,891,garden scissors ,['metal'],['pluriform'],['']
891,892,wooden chair ,['wood'],['pluriform'],['']
892,893,bookkeeper 1 ,['pottery'],['pluriform'],['']
893,894,bookkeeper 2 ,['pottery'],['pluriform'],['']
894,895,hairy duster ,['plastic'],['pluriform'],['']
895,896,pink pig ,['plastic'],['pluriform'],['shiny']
896,897,salamander on box ,"['pottery', 'wood']",['pluriform'],"['shiny', 'composite']"
897,898,red decorated box ,['plastic'],['pluriform'],['shiny']
898,899,drawer closet ,['wood'],['pluriform'],['']
899,900,wooden bowl ,['wood'],['pluriform'],['']
900,901,wooden penbox ,['wood'],['uniform'],['shiny']
901,902,flower pot ,['pottery'],['pluriform'],['']
902,903,diabolo ,"['rubber', 'metal']",['uniform'],"['shiny', 'composite']"
903,904,wooden plate ,['wood'],['uniform'],['']
904,905,book 'kant'  ,['paper'],['pluriform'],['']
905,906,'ernie &bert shampoo ,['plastic'],['pluriform'],['shiny']
906,907,hero between ,['plastic'],['pluriform'],['shiny']
907,908,Salland ham ,['metal'],['pluriform'],['shiny']
908,909,maggi oven heerlijk ,['paper'],['pluriform'],['']
909,910,ajax spray ,"['plastic', 'paper']",['pluriform'],['shiny']
910,911,coffee can ,['plastic'],['uniform'],['shiny']
911,912,colored halter ,['plastic'],['pluriform'],['shiny']
912,913,yellow bear ,"['cloth', 'plastic']",['pluriform'],['composite']
913,914,golden wired box ,['wire'],['uniform'],['shiny']
914,915,orange shower boxes ,['plastic'],['pluriform'],['shiny']
915,916,drums ,"['metal', 'cloth', 'wood']",['pluriform'],"['shiny', 'composite']"
916,917, bee ,"['cloth', 'plastic']",['pluriform'],['composite']
917,918,death bonsai tree ,"['pottery', 'plant']",['pluriform'],"['shiny', 'composite']"
918,919,tool 1 ,['metal'],['pluriform'],['']
919,920,hamer ,"['plastic', 'metal']",['pluriform'],['composite']
920,921,tool 2 ,"['plastic', 'metal']",['uniform'],"['composite', 'shiny']"
921,922,tool 3 ,"['wood', 'metal']",['uniform'],['composite']
922,923,screwdrivers ,"['metal', 'plastic']",['pluriform'],"['composite', 'shiny']"
923,924,egg box ,['paper'],['pluriform'],['']
924,925,football ,['cloth'],['pluriform'],['']
925,926,knife holder ,['wood'],['uniform'],['']
926,927,standing doll ,"['cloth', 'plastic', 'wood']",['pluriform'],['composite']
927,928,iron ,"['metal', 'plastic', 'cloth']",['pluriform'],"['composite', 'shiny']"
928,929,green wire ,"['plastic', 'wire']",['uniform'],['composite']
929,930,decorated article ,['metal'],['pluriform'],['shiny']
930,931,low vase ,['pottery'],['pluriform'],['']
931,932,Lamp parabol ,['metal'],['uniform'],['shiny']
932,933,fancy lady ,"['cloth', 'pottery']",['pluriform'],"['composite', 'shiny']"
933,934,wooden object ,"['wood', 'metal', 'wire']",['uniform'],"['composite', 'shiny']"
934,935,feather ring ,['feathers'],['pluriform'],['']
935,936,cloth of wool ,['cloth'],['pluriform'],['']
936,937,'rieten' box ,['wood'],['pluriform'],['']
937,938,paper box 1 ,['paper'],['pluriform'],['']
938,939,paper box 2 ,"['paper', 'metal']",['pluriform'],"['composite', 'shiny']"
939,940,paper box 3 ,['paper'],['pluriform'],['']
940,941,jacket ,['cloth'],['uniform'],['']
941,942,sitting horse ,"['cloth', 'wire']",['pluriform'],"['composite', 'shiny']"
942,943,metal tea box ,['metal'],['pluriform'],['shiny']
943,944,small capsicum ,['plastic'],['pluriform'],['shiny']
944,945,Rice cracks ,['paper'],['pluriform'],['shiny']
945,946,pasta and sugo ,['paper'],['pluriform'],['shiny']
946,947,sherry tomatos ,['fruit'],['uniform'],['composite']
947,948,green capsicum ,['vegetable'],['uniform'],['composite']
948,949,cake ,['plastic'],['pluriform'],['']
949,950,banana's ,['fruit'],['uniform'],['composite']
950,951,maaza mango drink ,"['metal', 'glass']",['pluriform'],"['composite', 'shiny']"
951,952,artisjok ,['vegetable'],['uniform'],['']
952,953,yellow capsicum ,['vegetable'],['uniform'],['composite']
953,954,reddish ,['vegetable'],['uniform'],['composite']
954,955,maaza guava drink ,"['metal', 'glass']",['pluriform'],"['composite', 'shiny']"
955,956,pickwick spice ,['plastic'],['pluriform'],['shiny']
956,957,bread ,['food'],['uniform'],['']
957,958,crunchy muesli ,['plastic'],['pluriform'],['shiny']
958,959,m&m's ,['paper'],['pluriform'],['shiny']
959,960,tortellini tricolore ,['paper'],['pluriform'],['shiny']
960,961,piccalilly ,"['glass', 'metal', 'paper']",['pluriform'],"['composite', 'shiny']"
961,962,chorizo ,"['plastic', 'paper']",['pluriform'],"['composite', 'shiny']"
962,963,rempejek ,['plastic'],['pluriform'],['shiny']
963,964,tagliatelle ,['plastic'],['pluriform'],['shiny']
964,965,coffee cream ,"['glass', 'paper', 'metal']",['pluriform'],"['shiny', 'composite']"
965,966,verkade bisquits ,['plastic'],['pluriform'],['shiny']
966,967,bugles chips ,['plastic'],['pluriform'],['shiny']
967,968,mihoen ,['plastic'],['pluriform'],['shiny']
968,969,fristi drink ,"['paper', 'plastic']",['pluriform'],['shiny']
969,970,hak vegetable jar ,"['metal', 'glass', 'paper']",['pluriform'],"['shiny', 'composite']"
970,971,round shell ,['shell'],['pluriform'],['']
971,972,3 towels ,['cloth'],['pluriform'],['striped']
972,973,yellow/blue towel ,['cloth'],['pluriform'],['striped']
973,974,blue/red towel ,['cloth'],['pluriform'],['striped']
974,975,yellow/red towel ,['cloth'],['pluriform'],['striped']
975,976,yellow towel ,['cloth'],['pluriform'],['striped']
976,977,blue towel ,['cloth'],['pluriform'],['striped']
977,978,red towel ,['cloth'],['pluriform'],['striped']
978,979,head ,['wire'],['pluriform'],['']
979,980,yellow thing ,['plastic'],['pluriform'],"['shiny', 'sparkling']"
980,981,big metal pot ,['metal'],['uniform'],['shiny']
981,982,small metal pot ,['metal'],['uniform'],['shiny']
982,983,christmas balls ,"['plastic', 'cloth']",['uniform'],"['shiny', 'composite']"
983,984,pot with stones ,['glass'],['pluriform'],['shiny']
984,985,pot with shells ,['glass'],['pluriform'],['shiny']
985,986,grolsch beer ,"['paper', 'metal', 'glass']",['pluriform'],"['composite', 'shiny']"
986,987,small doll ,"['cloth', 'plastic']",['pluriform'],['composite']
987,988,sheep ,['cloth'],['uniform'],['']
988,989,indy box ,['paper'],['pluriform'],['']
989,990,carton box ,['paper'],['pluriform'],['']
990,991,blue washing box ,['plastic'],['uniform'],['shiny']
991,992,emma eend book ,['plastic'],['pluriform'],['shiny']
992,993,yellow toy box ,['plastic'],['uniform'],['shiny']
993,994,bambix ,['paper'],['pluriform'],['']
994,995,pescado bottle ,['glass'],['pluriform'],['shiny']
995,996,lotion ,"['plastic', 'paper']",['pluriform'],"['shiny', 'composite']"
996,997,cleansing milk ,"['plastic', 'paper']",['pluriform'],"['shiny', 'composite']"
997,998,vogue deodorant ,"['metal', 'plastic']",['pluriform'],"['shiny', 'composite']"
998,999,ALOI recording ,"['metal', 'plastic']",['uniform'],"['shiny', 'composite']"
999,1000,strawberry cake ,['food'],['pluriform'],['']
